Name	type	
iterator	UInt	199
data_hil	Array[0..199] of "utd_hil"	
data_hil[0]	utd_hil	
Fixed	UInt	0
Naive	UInt	1
data_hil[1]	utd_hil	
Fixed	UInt	0
Naive	UInt	1
data_hil[2]	utd_hil	
Fixed	UInt	0
Naive	UInt	1
data_hil[3]	utd_hil	
Fixed	UInt	0
Naive	UInt	1
data_hil[4]	utd_hil	
Fixed	UInt	0
Naive	UInt	1
data_hil[5]	utd_hil	
Fixed	UInt	0
Naive	UInt	1
data_hil[6]	utd_hil	
Fixed	UInt	0
Naive	UInt	1
data_hil[7]	utd_hil	
Fixed	UInt	0
Naive	UInt	1
data_hil[8]	utd_hil	
Fixed	UInt	0
Naive	UInt	1
data_hil[9]	utd_hil	
Fixed	UInt	0
Naive	UInt	1
data_hil[10]	utd_hil	
Fixed	UInt	0
Naive	UInt	1
data_hil[11]	utd_hil	
Fixed	UInt	0
Naive	UInt	1
data_hil[12]	utd_hil	
Fixed	UInt	0
Naive	UInt	1
data_hil[13]	utd_hil	
Fixed	UInt	0
Naive	UInt	1
data_hil[14]	utd_hil	
Fixed	UInt	0
Naive	UInt	1
data_hil[15]	utd_hil	
Fixed	UInt	0
Naive	UInt	1
data_hil[16]	utd_hil	
Fixed	UInt	0
Naive	UInt	1
data_hil[17]	utd_hil	
Fixed	UInt	0
Naive	UInt	1
data_hil[18]	utd_hil	
Fixed	UInt	0
Naive	UInt	1
data_hil[19]	utd_hil	
Fixed	UInt	0
Naive	UInt	1
data_hil[20]	utd_hil	
Fixed	UInt	0
Naive	UInt	1
data_hil[21]	utd_hil	
Fixed	UInt	0
Naive	UInt	1
data_hil[22]	utd_hil	
Fixed	UInt	0
Naive	UInt	1
data_hil[23]	utd_hil	
Fixed	UInt	0
Naive	UInt	1
data_hil[24]	utd_hil	
Fixed	UInt	0
Naive	UInt	1
data_hil[25]	utd_hil	
Fixed	UInt	0
Naive	UInt	1
data_hil[26]	utd_hil	
Fixed	UInt	0
Naive	UInt	1
data_hil[27]	utd_hil	
Fixed	UInt	0
Naive	UInt	1
data_hil[28]	utd_hil	
Fixed	UInt	0
Naive	UInt	1
data_hil[29]	utd_hil	
Fixed	UInt	0
Naive	UInt	1
data_hil[30]	utd_hil	
Fixed	UInt	0
Naive	UInt	1
data_hil[31]	utd_hil	
Fixed	UInt	0
Naive	UInt	1
data_hil[32]	utd_hil	
Fixed	UInt	0
Naive	UInt	1
data_hil[33]	utd_hil	
Fixed	UInt	0
Naive	UInt	1
data_hil[34]	utd_hil	
Fixed	UInt	0
Naive	UInt	1
data_hil[35]	utd_hil	
Fixed	UInt	0
Naive	UInt	1
data_hil[36]	utd_hil	
Fixed	UInt	0
Naive	UInt	1
data_hil[37]	utd_hil	
Fixed	UInt	0
Naive	UInt	1
data_hil[38]	utd_hil	
Fixed	UInt	0
Naive	UInt	1
data_hil[39]	utd_hil	
Fixed	UInt	0
Naive	UInt	1
data_hil[40]	utd_hil	
Fixed	UInt	0
Naive	UInt	1
data_hil[41]	utd_hil	
Fixed	UInt	0
Naive	UInt	1
data_hil[42]	utd_hil	
Fixed	UInt	0
Naive	UInt	1
data_hil[43]	utd_hil	
Fixed	UInt	0
Naive	UInt	1
data_hil[44]	utd_hil	
Fixed	UInt	0
Naive	UInt	1
data_hil[45]	utd_hil	
Fixed	UInt	0
Naive	UInt	1
data_hil[46]	utd_hil	
Fixed	UInt	0
Naive	UInt	1
data_hil[47]	utd_hil	
Fixed	UInt	0
Naive	UInt	1
data_hil[48]	utd_hil	
Fixed	UInt	0
Naive	UInt	1
data_hil[49]	utd_hil	
Fixed	UInt	0
Naive	UInt	1
data_hil[50]	utd_hil	
Fixed	UInt	0
Naive	UInt	1
data_hil[51]	utd_hil	
Fixed	UInt	0
Naive	UInt	1
data_hil[52]	utd_hil	
Fixed	UInt	0
Naive	UInt	1
data_hil[53]	utd_hil	
Fixed	UInt	0
Naive	UInt	1
data_hil[54]	utd_hil	
Fixed	UInt	0
Naive	UInt	1
data_hil[55]	utd_hil	
Fixed	UInt	0
Naive	UInt	1
data_hil[56]	utd_hil	
Fixed	UInt	0
Naive	UInt	1
data_hil[57]	utd_hil	
Fixed	UInt	0
Naive	UInt	1
data_hil[58]	utd_hil	
Fixed	UInt	0
Naive	UInt	1
data_hil[59]	utd_hil	
Fixed	UInt	0
Naive	UInt	1
data_hil[60]	utd_hil	
Fixed	UInt	0
Naive	UInt	1
data_hil[61]	utd_hil	
Fixed	UInt	0
Naive	UInt	1
data_hil[62]	utd_hil	
Fixed	UInt	0
Naive	UInt	1
data_hil[63]	utd_hil	
Fixed	UInt	0
Naive	UInt	1
data_hil[64]	utd_hil	
Fixed	UInt	0
Naive	UInt	1
data_hil[65]	utd_hil	
Fixed	UInt	0
Naive	UInt	1
data_hil[66]	utd_hil	
Fixed	UInt	0
Naive	UInt	1
data_hil[67]	utd_hil	
Fixed	UInt	0
Naive	UInt	1
data_hil[68]	utd_hil	
Fixed	UInt	0
Naive	UInt	1
data_hil[69]	utd_hil	
Fixed	UInt	0
Naive	UInt	1
data_hil[70]	utd_hil	
Fixed	UInt	0
Naive	UInt	1
data_hil[71]	utd_hil	
Fixed	UInt	0
Naive	UInt	1
data_hil[72]	utd_hil	
Fixed	UInt	0
Naive	UInt	1
data_hil[73]	utd_hil	
Fixed	UInt	0
Naive	UInt	1
data_hil[74]	utd_hil	
Fixed	UInt	0
Naive	UInt	1
data_hil[75]	utd_hil	
Fixed	UInt	0
Naive	UInt	1
data_hil[76]	utd_hil	
Fixed	UInt	0
Naive	UInt	1
data_hil[77]	utd_hil	
Fixed	UInt	0
Naive	UInt	1
data_hil[78]	utd_hil	
Fixed	UInt	0
Naive	UInt	1
data_hil[79]	utd_hil	
Fixed	UInt	0
Naive	UInt	1
data_hil[80]	utd_hil	
Fixed	UInt	0
Naive	UInt	1
data_hil[81]	utd_hil	
Fixed	UInt	0
Naive	UInt	1
data_hil[82]	utd_hil	
Fixed	UInt	0
Naive	UInt	1
data_hil[83]	utd_hil	
Fixed	UInt	0
Naive	UInt	1
data_hil[84]	utd_hil	
Fixed	UInt	0
Naive	UInt	1
data_hil[85]	utd_hil	
Fixed	UInt	0
Naive	UInt	1
data_hil[86]	utd_hil	
Fixed	UInt	0
Naive	UInt	1
data_hil[87]	utd_hil	
Fixed	UInt	0
Naive	UInt	1
data_hil[88]	utd_hil	
Fixed	UInt	0
Naive	UInt	1
data_hil[89]	utd_hil	
Fixed	UInt	0
Naive	UInt	1
data_hil[90]	utd_hil	
Fixed	UInt	0
Naive	UInt	1
data_hil[91]	utd_hil	
Fixed	UInt	0
Naive	UInt	1
data_hil[92]	utd_hil	
Fixed	UInt	0
Naive	UInt	1
data_hil[93]	utd_hil	
Fixed	UInt	0
Naive	UInt	1
data_hil[94]	utd_hil	
Fixed	UInt	0
Naive	UInt	1
data_hil[95]	utd_hil	
Fixed	UInt	0
Naive	UInt	1
data_hil[96]	utd_hil	
Fixed	UInt	0
Naive	UInt	1
data_hil[97]	utd_hil	
Fixed	UInt	0
Naive	UInt	1
data_hil[98]	utd_hil	
Fixed	UInt	0
Naive	UInt	1
data_hil[99]	utd_hil	
Fixed	UInt	0
Naive	UInt	1
data_hil[100]	utd_hil	
Fixed	UInt	0
Naive	UInt	1
data_hil[101]	utd_hil	
Fixed	UInt	0
Naive	UInt	1
data_hil[102]	utd_hil	
Fixed	UInt	0
Naive	UInt	1
data_hil[103]	utd_hil	
Fixed	UInt	0
Naive	UInt	1
data_hil[104]	utd_hil	
Fixed	UInt	0
Naive	UInt	1
data_hil[105]	utd_hil	
Fixed	UInt	0
Naive	UInt	1
data_hil[106]	utd_hil	
Fixed	UInt	0
Naive	UInt	1
data_hil[107]	utd_hil	
Fixed	UInt	0
Naive	UInt	1
data_hil[108]	utd_hil	
Fixed	UInt	0
Naive	UInt	1
data_hil[109]	utd_hil	
Fixed	UInt	0
Naive	UInt	1
data_hil[110]	utd_hil	
Fixed	UInt	0
Naive	UInt	1
data_hil[111]	utd_hil	
Fixed	UInt	0
Naive	UInt	1
data_hil[112]	utd_hil	
Fixed	UInt	0
Naive	UInt	1
data_hil[113]	utd_hil	
Fixed	UInt	0
Naive	UInt	1
data_hil[114]	utd_hil	
Fixed	UInt	0
Naive	UInt	1
data_hil[115]	utd_hil	
Fixed	UInt	0
Naive	UInt	1
data_hil[116]	utd_hil	
Fixed	UInt	0
Naive	UInt	1
data_hil[117]	utd_hil	
Fixed	UInt	0
Naive	UInt	1
data_hil[118]	utd_hil	
Fixed	UInt	0
Naive	UInt	1
data_hil[119]	utd_hil	
Fixed	UInt	0
Naive	UInt	1
data_hil[120]	utd_hil	
Fixed	UInt	0
Naive	UInt	1
data_hil[121]	utd_hil	
Fixed	UInt	0
Naive	UInt	1
data_hil[122]	utd_hil	
Fixed	UInt	0
Naive	UInt	1
data_hil[123]	utd_hil	
Fixed	UInt	0
Naive	UInt	1
data_hil[124]	utd_hil	
Fixed	UInt	0
Naive	UInt	1
data_hil[125]	utd_hil	
Fixed	UInt	0
Naive	UInt	1
data_hil[126]	utd_hil	
Fixed	UInt	0
Naive	UInt	1
data_hil[127]	utd_hil	
Fixed	UInt	0
Naive	UInt	1
data_hil[128]	utd_hil	
Fixed	UInt	0
Naive	UInt	1
data_hil[129]	utd_hil	
Fixed	UInt	0
Naive	UInt	1
data_hil[130]	utd_hil	
Fixed	UInt	0
Naive	UInt	1
data_hil[131]	utd_hil	
Fixed	UInt	0
Naive	UInt	1
data_hil[132]	utd_hil	
Fixed	UInt	0
Naive	UInt	1
data_hil[133]	utd_hil	
Fixed	UInt	0
Naive	UInt	1
data_hil[134]	utd_hil	
Fixed	UInt	0
Naive	UInt	1
data_hil[135]	utd_hil	
Fixed	UInt	0
Naive	UInt	1
data_hil[136]	utd_hil	
Fixed	UInt	0
Naive	UInt	1
data_hil[137]	utd_hil	
Fixed	UInt	0
Naive	UInt	1
data_hil[138]	utd_hil	
Fixed	UInt	0
Naive	UInt	1
data_hil[139]	utd_hil	
Fixed	UInt	0
Naive	UInt	1
data_hil[140]	utd_hil	
Fixed	UInt	0
Naive	UInt	1
data_hil[141]	utd_hil	
Fixed	UInt	0
Naive	UInt	1
data_hil[142]	utd_hil	
Fixed	UInt	0
Naive	UInt	1
data_hil[143]	utd_hil	
Fixed	UInt	0
Naive	UInt	1
data_hil[144]	utd_hil	
Fixed	UInt	0
Naive	UInt	1
data_hil[145]	utd_hil	
Fixed	UInt	0
Naive	UInt	1
data_hil[146]	utd_hil	
Fixed	UInt	0
Naive	UInt	1
data_hil[147]	utd_hil	
Fixed	UInt	0
Naive	UInt	1
data_hil[148]	utd_hil	
Fixed	UInt	0
Naive	UInt	1
data_hil[149]	utd_hil	
Fixed	UInt	0
Naive	UInt	1
data_hil[150]	utd_hil	
Fixed	UInt	0
Naive	UInt	1
data_hil[151]	utd_hil	
Fixed	UInt	0
Naive	UInt	1
data_hil[152]	utd_hil	
Fixed	UInt	0
Naive	UInt	1
data_hil[153]	utd_hil	
Fixed	UInt	0
Naive	UInt	1
data_hil[154]	utd_hil	
Fixed	UInt	0
Naive	UInt	1
data_hil[155]	utd_hil	
Fixed	UInt	0
Naive	UInt	1
data_hil[156]	utd_hil	
Fixed	UInt	0
Naive	UInt	1
data_hil[157]	utd_hil	
Fixed	UInt	0
Naive	UInt	1
data_hil[158]	utd_hil	
Fixed	UInt	0
Naive	UInt	1
data_hil[159]	utd_hil	
Fixed	UInt	0
Naive	UInt	1
data_hil[160]	utd_hil	
Fixed	UInt	0
Naive	UInt	1
data_hil[161]	utd_hil	
Fixed	UInt	0
Naive	UInt	1
data_hil[162]	utd_hil	
Fixed	UInt	0
Naive	UInt	1
data_hil[163]	utd_hil	
Fixed	UInt	0
Naive	UInt	1
data_hil[164]	utd_hil	
Fixed	UInt	0
Naive	UInt	1
data_hil[165]	utd_hil	
Fixed	UInt	0
Naive	UInt	1
data_hil[166]	utd_hil	
Fixed	UInt	0
Naive	UInt	1
data_hil[167]	utd_hil	
Fixed	UInt	0
Naive	UInt	1
data_hil[168]	utd_hil	
Fixed	UInt	0
Naive	UInt	1
data_hil[169]	utd_hil	
Fixed	UInt	0
Naive	UInt	1
data_hil[170]	utd_hil	
Fixed	UInt	0
Naive	UInt	1
data_hil[171]	utd_hil	
Fixed	UInt	0
Naive	UInt	1
data_hil[172]	utd_hil	
Fixed	UInt	0
Naive	UInt	1
data_hil[173]	utd_hil	
Fixed	UInt	0
Naive	UInt	1
data_hil[174]	utd_hil	
Fixed	UInt	0
Naive	UInt	1
data_hil[175]	utd_hil	
Fixed	UInt	0
Naive	UInt	1
data_hil[176]	utd_hil	
Fixed	UInt	0
Naive	UInt	1
data_hil[177]	utd_hil	
Fixed	UInt	0
Naive	UInt	1
data_hil[178]	utd_hil	
Fixed	UInt	0
Naive	UInt	1
data_hil[179]	utd_hil	
Fixed	UInt	0
Naive	UInt	1
data_hil[180]	utd_hil	
Fixed	UInt	0
Naive	UInt	1
data_hil[181]	utd_hil	
Fixed	UInt	0
Naive	UInt	1
data_hil[182]	utd_hil	
Fixed	UInt	0
Naive	UInt	1
data_hil[183]	utd_hil	
Fixed	UInt	0
Naive	UInt	1
data_hil[184]	utd_hil	
Fixed	UInt	0
Naive	UInt	1
data_hil[185]	utd_hil	
Fixed	UInt	0
Naive	UInt	1
data_hil[186]	utd_hil	
Fixed	UInt	0
Naive	UInt	1
data_hil[187]	utd_hil	
Fixed	UInt	0
Naive	UInt	1
data_hil[188]	utd_hil	
Fixed	UInt	0
Naive	UInt	1
data_hil[189]	utd_hil	
Fixed	UInt	0
Naive	UInt	1
data_hil[190]	utd_hil	
Fixed	UInt	0
Naive	UInt	1
data_hil[191]	utd_hil	
Fixed	UInt	0
Naive	UInt	1
data_hil[192]	utd_hil	
Fixed	UInt	0
Naive	UInt	1
data_hil[193]	utd_hil	
Fixed	UInt	0
Naive	UInt	1
data_hil[194]	utd_hil	
Fixed	UInt	0
Naive	UInt	1
data_hil[195]	utd_hil	
Fixed	UInt	0
Naive	UInt	1
data_hil[196]	utd_hil	
Fixed	UInt	0
Naive	UInt	1
data_hil[197]	utd_hil	
Fixed	UInt	0
Naive	UInt	1
data_hil[198]	utd_hil	
Fixed	UInt	0
Naive	UInt	1
data_hil[199]	utd_hil	
Fixed	UInt	0
Naive	UInt	1
